id,value
inner_tp_per_kill,1
inner_tp_cap,1000000
initial_gold,500
initial_gems,60
initial_iron,20
initial_potions,20
initial_capacity,36
max_capacity,120
storage_capacity,48
max_floor,10000
max_rebirth,10
offline_seconds,86400
boss_tries,20
arena_tries,5
escort_tries,5
wave_count,3
guardian_hp_pct,200
guardian_attack_pct,130
drop_chance,35
iron_chance,40
potion_chance,8
critical_chance,12
critical_damage_pct,170
mp_regen,3
potion_trigger_pct,40
potion_heal_pct,50
recovery_seconds,5
round_limit,120
equipment_coefficient_max,10
treasure_pity,10
initial_treasure_maps,3
daily_treasure_maps,1
treasure_gold,240
treasure_gems,8
treasure_iron,12
treasure_runes,1
treasure_potions,2
daily_gold,300
daily_yuan,30
daily_potions,10
bounty_kills,30
bounty_gold,500
bounty_runes,2
first_clear_yuan,2
between_wave_heal_pct,12
escort_gold,100
escort_seconds,100
escort_reward,400
escort_level_gold,20
escort_guild_gold,10
escort_merit,30
arena_power_base,200
arena_power_win,180
arena_power_rival,300
arena_win_merit,100
arena_lose_merit,20
arena_win_gold,200
arena_win_reputation,60
arena_lose_reputation,15
element_pool_cap,86400
element_xp_per_second,1
secret_wave_count,3
secret_mob_hp_pct,40
tianshu_hp_per_coefficient,5
tianshu_mp_per_coefficient,2
tianshu_attack_min_per_coefficient,1
tianshu_attack_max_per_coefficient,2
tianshu_magic_min_per_coefficient,1
tianshu_magic_max_per_coefficient,2
tianshu_tao_min_per_coefficient,1
tianshu_tao_max_per_coefficient,2
tianshu_defense_min_per_coefficient,1
tianshu_defense_max_per_coefficient,2
tianshu_magic_defense_min_per_coefficient,1
tianshu_magic_defense_max_per_coefficient,2
altar_personal_cap,1000
altar_world_cap,8000
altar_gold_cost,100
altar_gold_gain,100
altar_yuan_cost,100
altar_yuan_gain,5
altar_yuan_large_cost,1000
altar_yuan_large_gain,50
altar_iron_cost,500
altar_iron_gain,4
altar_personal_reward_gold,1000
altar_personal_reward_yuan,100
altar_personal_reward_reputation,100
altar_world_reward_gold,5000
altar_world_reward_yuan,500
altar_world_reward_merit,100
legend_sword_base,151
legend_robe_male_base,341
legend_robe_female_base,342
legend_first_form,653
legend_form_count,9
rune_word_ore,2000
rune_word_rune,13
form_growth_balls,100
form_growth_rune,13
tower_tries,10
progress_cap_hard,2000
incoming_random_min,80
incoming_random_range,51
tower_merit,20
tower_gold_base,100
tower_gold_per_floor,60
tower_xp_base,60
tower_xp_per_floor,45
tower_foe_atk_base,30
tower_foe_atk_per_floor,12
tower_foe_hp_base,200
tower_foe_hp_per_floor,150
guild_create_gold,5000000
guild_create_item,330
guild_max_members,48
siege_attack_gold,2000
siege_base_chance,40
siege_power_div,10
siege_hold_seconds,86400
market_fee_pct,5
market_min_price,1
redpack_min_yuan,100
redpack_max_yuan,100000
redpack_share_pct,50
mentor_apprentice_max_level,60
mentor_take_level,80
mentor_master_rebirth,2
mentor_take_gold,2000
mentor_take_xp,3000
mentor_max_apprentices,3
mentor_max_masters,1
star_activate_gold,10000
star_points_per_rebirth,1
star_points_max,11
lord_donate_yuan,3000
title_unlock_rep_pct,100
floor_scale_per_100,8000
floor_scale_cap,50000
drop_value_pivot,4000
forge_gold_per_star,1200
forge_iron_per_star,3
